,V1,V2,V3,V4,V5,V6,V7,V8,V9,V10,V11,V12,V13,V14,V15,V16,V17,V18,V19,V20,V21,V22,V23,V24,V25,V26,V27,V28,V29,V30,V31,V32,V33,V34,V35,V36,V37,V38,V39,V40,V41,V42,V43,V44,V45,V46,V47,V48,V49,V50,V51,V52,V53,V54,V55,V56,V57,V58,V59,V60,V61,V62,V63,V64,V65,V66,V67,V68,V69,V70,V71,V72,V73,V74
1,0.999624982,0.214778645,0.139593737,0.573505957,0.520702116,0.242777412,0.384747801,0.220006259,0.037864442,0.571218001,0.778612288,0.01126146,-0.038498195,-0.035602495,0.154947007,-0.024389983,0.302349502,-0.059425377,0.182402792,-0.00277561,0.09922631,-0.034738612,0.258122241,0.014408804,0.001464695,0.082007025,0.048995632,-0.036384036,-0.000925333,0.469768218,0.431440194,-0.048229734,-0.02089965,0.244695416,0.046916312,0.336801486,-0.060042198,0.336529621,0.060725177,0.086785354,-0.036931891,0.063154167,-0.017365414,-0.041669998,-0.033010317,-0.030548508,-0.049364814,-0.011996074,0.330932215,0.778561855,0.274616997,0.392765189,-0.038684098,0.092608423,0.718978318,0.17524466,-0.039244668,0.13363398,0.010294499,0.159097463,-0.006526925,-0.017374229,0.34203955,-0.058480143,-0.042534966,0.461054174,-0.03189207,0.279043527,0.204764731,0.038094003,0.11978442,0.05478798,0.995110047,-0.059971714
2,0.371851926,1.36973308,-0.816991928,0.836900347,0.850470016,0.53690889,0.703914593,0.516066569,0.325779792,0.882255757,1.05154933,0.327542229,-0.190128114,-0.651900212,-0.587196625,-0.455631188,-0.331136552,-0.511192812,-0.492949792,-0.506054106,-0.366271076,-0.491803116,-0.564605761,-0.584043582,-0.492136939,-0.223024729,-0.622618759,-0.618200288,-0.352813695,-0.314523503,-0.164938416,-0.2767116,-0.528589016,-0.516287093,-0.294857891,-0.308618052,-0.507132551,-0.228841108,-0.339859777,-0.655006672,-0.649404226,-0.734464923,-0.679444763,-0.674319884,-0.606449906,-0.550550746,-0.645748883,-0.456614985,-0.210027674,1.104600093,-0.780535546,-0.75362645,-0.498419085,-0.080035084,0.819877661,-0.808811465,-0.707834644,-0.853585569,-0.656325818,-0.882332291,-0.635750714,-0.79614081,-0.304629468,-0.49864,-0.349658248,-0.669204554,-0.647809999,0.622718636,0.211696882,-0.300938962,-0.066673834,0.382848437,1.343250851,-0.152042842
3,1.336869253,1.016893774,2.333109386,1.815938583,1.831111389,1.526428685,1.710907923,1.505577999,1.322753652,1.845042614,2.026028842,1.291184492,0.791482352,0.3033825,0.395785529,0.508106893,0.650153096,0.463018662,0.473746148,0.460170313,0.606970394,0.478860098,0.403257255,0.378921053,0.474335703,0.748296345,0.342894991,0.353359351,0.620669571,0.653276945,0.801335534,0.697133177,0.441330884,0.457710172,0.67823381,0.661236068,0.469712951,0.742879265,0.630369541,0.3174824,0.318808097,0.233418051,0.294606919,0.295494785,0.366086938,0.420516512,0.33128401,0.521575683,0.755503799,2.070889859,0.186464567,0.217073231,0.47010239,0.888508316,1.789375284,0.0481411,0.129987063,-0.029886095,0.16473801,-0.064983749,0.190904324,0.03449417,0.546335898,0.330619677,0.613419278,0.002377943,0.320922472,1.545599813,0.98210367,0.684399614,0.460516397,0.949432515,2.301109725,0.851506106
4,-0.444092201,-0.704681629,-1.236645848,0.553069399,0.057558009,-0.25275865,-0.069160031,-0.268109791,-0.468716434,0.084940506,0.260640469,-0.473751577,-0.915505367,-1.37873837,-1.287770747,-1.159616525,-1.026291928,-1.196285291,-1.203792685,-1.1624742,-1.091149301,-1.20227959,-1.231787178,-1.262668358,-1.184289325,-0.898764693,-1.299505538,-1.271814911,-1.038898223,-1.003485025,-0.877683231,-1.011448108,-1.23807183,-1.197912904,-0.986485271,-0.997210371,-1.20395729,-0.93405406,-0.99151252,-1.388229819,-1.365516727,-1.404240473,-1.352579341,-1.384341218,-1.263047986,-1.214512297,-1.33742734,-1.16088409,-0.928515299,0.287811581,-0.921661991,-0.888441556,-1.189153777,-0.76168332,0.13225769,-1.173555318,-1.182723076,-1.195332996,-1.182827924,-1.227853477,-1.18307571,-1.223573233,-0.850991958,-1.215962576,-0.928814562,-0.991980989,-0.885118321,-0.240989751,-0.814801538,-0.878236556,-0.99835404,-0.848234381,0.540008053,-0.97891126
5,-0.456038655,-0.712376361,-1.243023498,0.036480372,0.542530581,-0.260427721,-0.092032749,-0.161708989,-0.477736027,0.086877899,0.259870782,-0.476774521,-0.924740867,-1.389913093,-1.299474794,-1.169196989,-1.036234999,-1.204194645,-1.215269257,-1.174703525,-1.103164216,-1.213414163,-1.24825267,-1.278437148,-1.197668702,-0.909832194,-1.310938229,-1.283540377,-1.050694218,-1.017551556,-0.89200942,-1.018581767,-1.248574385,-1.208045667,-0.997327356,-1.007359232,-1.212812928,-0.945307638,-1.0017095,-1.400981172,-1.376538676,-1.415193345,-1.366981188,-1.39598542,-1.274544356,-1.22558956,-1.348915445,-1.169507924,-0.942136141,0.288851541,-0.930728245,-0.900175362,-1.201228511,-0.77289219,0.118755803,-1.185703212,-1.171333673,-1.206903691,-1.194464731,-1.237689617,-1.194519625,-1.202154424,-0.863353836,-1.227301409,-0.940233682,-1.003979669,-0.896500313,-0.253549518,-0.823157347,-0.772182857,-1.003514809,-0.858592909,0.530047419,-0.995207469
6,-0.141375005,-0.406497824,-0.931689481,0.3457028,0.359111366,0.852300125,0.238462608,0.041917428,-0.144532259,0.38404669,0.564723458,-0.165693217,-0.610342833,-1.079812851,-0.986237375,-0.858411273,-0.723889239,-0.892149748,-0.902888148,-0.863830415,-0.7900302,-0.900991755,-0.935613971,-0.965752168,-0.887506954,-0.595103913,-1.000332395,-0.966810448,-0.738275597,-0.7046189,-0.581574367,-0.711587477,-0.938976513,-0.897262455,-0.688017847,-0.698463079,-0.901585151,-0.634048578,-0.692642527,-1.087277116,-1.064635213,-1.102991566,-1.050092009,-1.084620913,-0.960787021,-0.912000503,-1.03448727,-0.85812124,-0.631778128,0.588625354,-0.625685383,-0.591124769,-0.887316311,-0.462900627,0.429045858,-0.875672485,-0.885046498,-0.894101333,-0.880894463,-0.929162513,-0.877790358,-0.924783455,-0.554761724,-0.918441825,-0.630472649,-0.694469422,-0.587465886,0.054951141,-0.517496338,-0.576457081,-0.697154238,-0.55244126,0.839543086,-0.688570167
7,-0.313135009,-0.573727075,-1.081899596,0.19495219,0.193157108,-0.095886622,0.68512551,-0.131875324,-0.295428276,0.219607185,0.406479901,-0.333720698,-0.780851351,-1.245701575,-1.152925357,-1.023421798,-0.888495143,-1.059378326,-1.068361058,-1.027402701,-0.958591565,-1.067655755,-1.104480183,-1.127131857,-1.054200145,-0.76456185,-1.166334361,-1.135787148,-0.903251469,-0.873020773,-0.747691911,-0.876767482,-1.103450742,-1.063919008,-0.852320514,-0.863821167,-1.069952491,-0.803138309,-0.856610171,-1.254936924,-1.231396228,-1.273286166,-1.22101519,-1.252812735,-1.129755838,-1.080873098,-1.204095848,-1.027446326,-0.797917932,0.419912865,-0.790900104,-0.757608346,-1.053893071,-0.630495416,0.262884093,-1.043019383,-1.054756544,-1.063787313,-1.048869385,-1.092995487,-1.047710288,-1.092533023,-0.719608532,-1.08629354,-0.797010907,-0.859646809,-0.753105874,-0.1145657,-0.684160142,-0.748686538,-0.869629358,-0.72228017,0.672480451,-0.850654642
8,-0.115731265,-0.365463211,-0.889829713,0.392199893,0.519678332,0.103765661,0.26432214,0.883224241,-0.127464548,0.422689119,0.606023564,-0.135898242,-0.57486888,-1.049999614,-0.948436119,-0.82892301,-0.686909555,-0.857724254,-0.875517333,-0.834684987,-0.75926916,-0.870389166,-0.905829471,-0.938204387,-0.85636064,-0.564507387,-0.97020491,-0.938756096,-0.706436085,-0.674483264,-0.549781979,-0.677086815,-0.907017206,-0.86542526,-0.657893299,-0.662629754,-0.872624383,-0.604618053,-0.662661671,-1.058555128,-1.035565884,-1.071369724,-1.024441643,-1.054101961,-0.933508522,-0.883197786,-1.008244579,-0.828980032,-0.598164366,0.634246708,-0.587429045,-0.550649013,-0.861654338,-0.432638635,0.459232199,-0.844607163,-0.825146543,-0.865552919,-0.853216221,-0.891633758,-0.852549157,-0.79615199,-0.522657423,-0.885889455,-0.599316924,-0.662341082,-0.556573512,0.093422988,-0.479275805,-0.432467989,-0.6532191,-0.511905898,0.8704622,-0.620785135
9,0.061777466,-0.199766826,-0.72532387,0.547651465,0.559709508,0.273374189,0.456827402,0.228593667,1.061253349,0.591879962,0.771107665,0.045649383,-0.406328218,-0.87073156,-0.782838469,-0.649445337,-0.519858012,-0.683771373,-0.696287719,-0.655446,-0.583979199,-0.690244257,-0.723630563,-0.757292789,-0.677905819,-0.389871898,-0.788310158,-0.760313126,-0.533188083,-0.497869255,-0.373373227,-0.500486294,-0.729643893,-0.691301804,-0.476635427,-0.489535516,-0.687929153,-0.426661682,-0.480687449,-0.880614056,-0.856843805,-0.894311147,-0.846598861,-0.876638906,-0.75351995,-0.705820053,-0.827706204,-0.651227139,-0.421819326,0.794971059,-0.417941761,-0.384657286,-0.682944449,-0.253918057,0.636635324,-0.667552986,-0.679219827,-0.687988222,-0.675891613,-0.71906575,-0.674073374,-0.721145869,-0.347163241,-0.710715411,-0.421195366,-0.487263868,-0.379118038,0.258217014,-0.307231841,-0.378752637,-0.496295185,-0.344541635,1.048043427,-0.499400578
10,-0.479772294,-0.752119597,-1.298946058,-0.007448245,0.015566785,-0.306803512,-0.136893786,-0.330009315,-0.516876687,0.506875024,0.224384893,-0.501443852,-0.962559033,-1.425032447,-1.337780931,-1.204262521,-1.07388485,-1.242369168,-1.25030361,-1.210129523,-1.140248667,-1.249086553,-1.284275891,-1.314515226,-1.233450892,-0.94705555,-1.347113373,-1.3192181,-1.088178045,-1.053563065,-0.928590377,-1.056651081,-1.284400731,-1.246838876,-1.033347483,-1.046037649,-1.25059613,-0.981669635,-1.038525978,-1.438389376,-1.411918979,-1.453245347,-1.40400272,-1.431727231,-1.309827493,-1.261757398,-1.386121336,-1.20786731,-0.978806774,0.240284766,-0.972296993,-0.939257503,-1.234548154,-0.809322488,0.081843283,-1.211364913,-1.232042998,-1.241667479,-1.230082431,-1.274901533,-1.227202457,-1.275316947,-0.899810031,-1.264432868,-0.975735878,-1.040958377,-0.933400657,-0.295962197,-0.860947649,-0.934504718,-1.051174463,-0.899314299,0.493777922,-1.055181938
11,-0.663671038,-0.926080232,-1.461112059,-0.175357428,-0.155049478,-0.469735889,-0.293630216,-0.490284017,-0.68125813,-0.119224253,0.335070451,-0.682518632,-1.132497758,-1.597502485,-1.507093491,-1.375786099,-1.244202357,-1.412987413,-1.420157264,-1.381613226,-1.311559794,-1.420208813,-1.453686942,-1.484853239,-1.405637995,-1.117508367,-1.517994604,-1.489957736,-1.257675592,-1.223816564,-1.098332463,-1.229716212,-1.456220232,-1.417686118,-1.205495739,-1.217479376,-1.422268583,-1.153511155,-1.209801426,-1.609817315,-1.583572176,-1.625102244,-1.57280109,-1.604214551,-1.481758346,-1.432668567,-1.55730089,-1.377658327,-1.149492451,0.070086999,-1.14340665,-1.109506111,-1.409007045,-0.979211284,-0.087083951,-1.392345132,-1.406649659,-1.414540388,-1.401014574,-1.447370791,-1.400756857,-1.447947852,-1.070981545,-1.436110918,-1.147472678,-1.211923251,-1.10421233,-0.460995149,-1.032965284,-1.106474113,-1.222479919,-1.071724304,0.322205332,-1.210613758
12,0.062194638,-0.198638998,-0.744339511,0.54254593,0.560600622,0.25214284,0.418464589,0.220089581,0.045578991,0.607242406,0.769776772,1.061218153,-0.408411313,-0.871687375,-0.78267417,-0.650441217,-0.520597644,-0.688409156,-0.695861503,-0.656482823,-0.58610448,-0.692179171,-0.721675151,-0.754061208,-0.676571543,-0.393177705,-0.790096615,-0.7643467,-0.53389505,-0.498605683,-0.372306853,-0.503551764,-0.730328281,-0.692215456,-0.478336649,-0.492421481,-0.696030993,-0.427093938,-0.48328511,-0.881819092,-0.856942647,-0.895715883,-0.848528209,-0.877596207,-0.75564677,-0.707538559,-0.830784996,-0.652946522,-0.421056388,0.7952668,-0.416153314,-0.380300901,-0.682484708,-0.25388577,0.63647905,-0.668440254,-0.680395687,-0.688327352,-0.676152227,-0.718673845,-0.674798842,-0.721910574,-0.346912599,-0.710346214,-0.421851613,-0.486514642,-0.379229951,0.258442603,-0.308315368,-0.381968003,-0.495726499,-0.342615295,1.047709121,-0.494875524
13,0.585257297,0.22906103,-0.613296097,1.060559778,1.071585056,0.764947962,0.932059683,0.738067441,0.548748249,1.105626051,1.284861629,0.54830647,1.579327652,-0.347886107,-0.17682271,-0.103843842,0.151551756,-0.044850104,-0.174225992,-0.113498671,-0.119385082,-0.251797303,-0.340445889,-0.35814395,-0.273123583,0.069733253,-0.403692746,-0.353390526,-0.083921021,-0.088708036,0.051003868,-0.041480399,-0.297621312,-0.295943509,-0.07011949,-0.092374327,-0.277742182,-0.005172875,-0.119414914,-0.43149328,-0.424563495,-0.516996347,-0.457867617,-0.452434239,-0.381003454,-0.316224522,-0.412192268,-0.224847517,0.008913962,1.314766307,-0.578096863,-0.547636253,-0.260608018,0.142098654,1.040745289,-0.597123498,-0.495866776,-0.644532089,-0.448445845,-0.668137168,-0.426075325,-0.58470936,-0.091730977,-0.296563301,-0.135425594,-0.454728798,-0.436483778,0.778947613,0.21168082,-0.090423358,-0.16449468,0.175839009,1.552447228,0.092387759
14,1.05913695,0.721006355,-0.14704818,1.53226586,1.546398759,1.235791477,1.407037843,1.203771382,1.023162941,1.582157271,1.757259234,1.023125111,0.605831315,2.056186363,0.163250573,0.645057532,0.433136278,0.284890109,0.485066865,0.567241123,0.338470792,0.243329851,0.160721937,0.148464282,0.227399073,0.499500062,0.091218094,0.118412274,0.356344267,0.396072775,0.540586678,0.418373628,0.221269254,0.195909981,0.432477974,0.388537956,0.201149239,0.495518598,0.374097682,0.060832577,0.060241414,-0.025079086,0.027785762,0.034457719,0.102552394,0.155973412,0.072838557,0.246587277,0.488821189,1.792096604,-0.089490053,-0.063570138,0.324515782,0.63468823,1.518400369,-0.115102892,-0.016166052,-0.167086317,0.041957738,-0.192045149,0.072610666,-0.104622107,0.386159187,0.180263768,0.337818129,0.02101536,0.042128069,1.26092689,0.703049631,0.382267665,0.329076857,0.667571176,2.03039821,0.512661289
15,0.983912118,0.634296233,-0.205124194,1.462185141,1.473051303,1.165510469,1.336935793,1.140380575,0.948563034,1.507585748,1.687901769,0.9502414,0.625481003,0.011836864,1.980479508,0.232071452,0.57911888,0.273901741,0.220431377,0.194114089,0.267273486,0.15146365,0.076722333,0.048754493,0.145000958,0.451442374,0.012886685,0.036200061,0.31022148,0.336052193,0.471358342,0.349919395,0.114131325,0.193847715,0.340741787,0.33989844,0.133285505,0.411426018,0.291764994,-0.024440469,-0.018781682,-0.105497306,-0.048522744,-0.046011409,0.024036446,0.0874482,-0.009148896,0.181007962,0.41985193,1.716706366,-0.16516663,-0.134912979,0.126810497,0.549283959,1.442234704,-0.19021253,-0.086090318,-0.239125106,-0.042878172,-0.264249656,-0.026916013,-0.179291473,0.314431738,0.107650936,0.26627432,-0.045725694,-0.033948545,1.187208881,0.617113686,0.311727923,0.241657501,0.582635514,1.954560658,0.515267366
16,0.851275511,0.503633226,-0.356037316,1.327614079,1.339691897,1.031104363,1.203632112,1.002488013,0.817443036,1.378160158,1.555640776,0.818180143,0.436231428,0.231415379,-0.030156991,1.849365286,0.270224933,0.121111321,0.372483555,0.527171814,0.139910256,0.046499903,-0.046249453,-0.062993182,0.023480359,0.310788144,-0.11492777,-0.071664228,0.158380478,0.190193446,0.335710162,0.214757661,-0.00750488,-0.014484365,0.239906841,0.180927595,-0.000554202,0.294857748,0.180390173,-0.13826241,-0.140570156,-0.229234333,-0.173463978,-0.17021778,-0.088297995,-0.040514671,-0.126075785,0.049584528,0.287070961,1.584742666,-0.302548019,-0.277834306,0.140812749,0.431397381,1.321227332,-0.318254158,-0.218764605,-0.374631105,-0.166751008,-0.400511675,-0.135252905,-0.310422027,0.177131351,-0.025382943,0.130286316,-0.185920227,-0.163790756,1.046692037,0.486399595,0.17591457,0.107589825,0.447820384,1.8235568,0.296132552
17,0.729693184,0.377067317,-0.463521281,1.203317232,1.217572582,0.908706402,1.082122475,0.881824001,0.692779688,1.250814434,1.42748829,0.692343766,0.440566481,-0.231566419,0.065829892,0.019164389,1.723835014,0.032933469,0.008846647,-0.016582296,0.011346084,-0.10317992,-0.186327984,-0.211407874,-0.118203925,0.202752072,-0.25167467,-0.212191186,0.052227614,0.073404473,0.215538234,0.094444655,-0.152948307,-0.122377948,0.079175911,0.106110917,-0.128684046,0.156029237,0.032920389,-0.286896086,-0.279638183,-0.367472328,-0.31098695,-0.305579062,-0.23301612,-0.170179778,-0.270696253,-0.075084218,0.160952608,1.458756244,-0.431018469,-0.400338693,-0.121939085,0.289307645,1.190293651,-0.449593929,-0.347922734,-0.499872864,-0.300560323,-0.518686392,-0.281283292,-0.437561408,0.05305937,-0.149326932,0.00718255,-0.305725778,-0.290251446,0.928417594,0.360869939,0.054560609,-0.018680466,0.325287016,1.698285209,0.246893366
18,0.904106388,0.549495847,-0.298239937,1.375731912,1.392700719,1.083642274,1.253754167,1.05802803,0.871851214,1.426058594,1.607111304,0.86964183,0.596649412,-0.027327797,0.113097544,0.222535568,0.38541826,1.90007741,0.14258897,0.176553894,0.19815754,0.081624011,-0.007306732,-0.030266764,0.058453491,0.393346259,-0.069992194,-0.021711335,0.243245468,0.238552544,0.385767481,0.278423117,0.028053269,0.033181631,0.262296722,0.237544824,0.088315364,0.328639783,0.208066286,-0.102104786,-0.101173732,-0.188587553,-0.128665907,-0.125235761,-0.05196908,0.011221485,-0.076453237,0.113843002,0.332716671,1.63602368,-0.257722527,-0.227914937,0.062043293,0.466498717,1.362061371,-0.278024522,-0.171399296,-0.323837817,-0.126949194,-0.344334325,-0.104334259,-0.262875471,0.22666637,0.023272034,0.191169079,-0.13711724,-0.115066863,1.09741489,0.534197255,0.229322082,0.153426723,0.493835899,1.873551454,0.391382226
19,0.888010049,0.536731173,-0.319436121,1.362360333,1.376080484,1.066824212,1.239971445,1.031191964,0.853073312,1.412070772,1.590547498,0.854649989,0.436265829,0.141841263,0.028619485,0.442900106,0.330323743,0.111581275,1.884573562,0.393569733,0.17319056,0.075938749,-0.018787383,-0.033089395,0.048956691,0.336156507,-0.083368452,-0.052637442,0.194977307,0.230870134,0.373583735,0.248705522,0.023124251,0.024249558,0.263541564,0.220221984,0.031517407,0.373507615,0.21200171,-0.112794698,-0.112435688,-0.200676442,-0.144249644,-0.142189941,-0.061304032,-0.010709569,-0.101718496,0.080930469,0.320015781,1.618706041,-0.271616373,-0.240775233,0.154403514,0.458128747,1.353317189,-0.283945758,-0.180845112,-0.336804518,-0.132357949,-0.364581015,-0.103381974,-0.273533365,0.216779771,0.009682915,0.163068648,-0.151547685,-0.128086767,1.082198874,0.519973943,0.208816677,0.137815515,0.479871893,1.8586859,0.329633858
20,0.897911718,0.548103963,-0.308486091,1.37216779,1.382521557,1.072877475,1.244864164,1.039310075,0.861131717,1.418892842,1.597309056,0.862810812,0.521470254,0.248492624,0.026779301,0.622065469,0.329371903,0.170023302,0.418046836,1.896812114,0.182201405,0.083898793,-0.011956951,-0.024192139,0.06354218,0.35458449,-0.073276279,-0.035273343,0.205700875,0.2314727,0.376229559,0.257433208,0.027984321,0.028530896,0.269526334,0.223671023,0.039153348,0.328551442,0.217045875,-0.10378114,-0.105478971,-0.192747025,-0.136322586,-0.13256163,-0.051755866,-0.000786623,-0.086058878,0.088300461,0.327967308,1.631331462,-0.254993739,-0.230740169,0.158746353,0.473704741,1.363108302,-0.276349543,-0.173111343,-0.326928121,-0.126305132,-0.352283351,-0.097643633,-0.265945427,0.223173768,0.020680963,0.176254374,-0.138954552,-0.116636593,1.093182222,0.533310116,0.22045381,0.152852367,0.493947829,1.870618473,0.341876027
21,0.760007931,0.407739669,-0.442182191,1.225189338,1.234657834,0.92751562,1.094141347,0.896622373,0.713723152,1.267378849,1.44613686,0.71348615,0.235436519,-0.26042503,-0.180208626,-0.045343412,0.07715296,-0.088520375,-0.08247966,-0.097945918,1.756738452,0.035915357,-0.097819171,-0.119534071,-0.030680148,0.257555024,-0.183773411,-0.147266669,0.117723864,0.155695071,0.278038435,0.150640523,-0.089174921,-0.086736598,0.13997132,0.112700525,-0.070135937,0.215442701,0.087970315,-0.246250179,-0.249009352,-0.337569458,-0.282042455,-0.275189299,-0.20403573,-0.139101916,-0.234596999,-0.04575415,0.182850425,1.493378537,-0.397525892,-0.371272966,-0.090429298,0.318044242,1.217435116,-0.415976687,-0.318317412,-0.467122665,-0.27032224,-0.4962695,-0.247925947,-0.409904183,0.081826006,-0.116119204,0.035177312,-0.280441295,-0.257856448,0.956229534,0.386960253,0.082728521,0.009635988,0.352867459,1.730802899,0.217779803
22,0.883742047,0.531044921,-0.321300814,1.351461923,1.363280895,1.05443369,1.221881569,1.022196568,0.8436799,1.39493951,1.576167773,0.843725521,0.35186159,-0.106728678,-0.04718117,0.110083527,0.211464248,0.043783389,0.069105822,0.052588762,0.284752649,1.881157098,0.097591731,0.098965405,0.187394041,0.391693177,-0.010252767,0.016175071,0.24418818,0.286830332,0.42446335,0.291226385,0.060263198,0.053842269,0.287926085,0.257830621,0.077232642,0.36179089,0.237424783,-0.098812752,-0.098158718,-0.177468386,-0.133616296,-0.129204275,-0.056285489,-0.00480255,-0.08811443,0.084375032,0.3296341,1.616428146,-0.270451174,-0.241259065,0.045921818,0.458271191,1.347505624,-0.288218104,-0.188554911,-0.341404295,-0.138475055,-0.367524611,-0.118190496,-0.281490974,0.211388168,0.007143016,0.16132379,-0.153881876,-0.135232184,1.084534353,0.51330942,0.207658749,0.134155668,0.475634339,1.854665809,0.336579763
23,0.95859095,0.608550081,-0.246189424,1.429690944,1.434717983,1.128718038,1.291396868,1.095710094,0.918830654,1.468966342,1.648807426,0.922721204,0.413520809,-0.039028788,0.028385318,0.167641975,0.278623989,0.10516045,0.124687494,0.107040823,0.301325925,0.247899535,1.956311001,0.241862238,0.261653612,0.429966451,0.098038467,0.064985484,0.29822345,0.383094136,0.526326925,0.358691487,0.124325054,0.12420139,0.35213887,0.320949908,0.13628313,0.42293113,0.2930881,0.021418765,-0.011692019,-0.06230183,-0.029366805,-0.030158525,0.016107146,0.06918334,0.00248289,0.16260937,0.417448431,1.693815259,-0.171453083,-0.142508989,0.114507189,0.524238863,1.421011333,-0.210769128,-0.102867819,-0.266239852,-0.053544101,-0.288529291,-0.038586837,-0.198805188,0.293609482,0.08438779,0.23652188,-0.067980208,-0.052242856,1.166485189,0.590461859,0.284671918,0.222151914,0.559092762,1.930933566,0.44796692
24,0.982465028,0.635625459,-0.225243345,1.454792902,1.461787687,1.151768291,1.325271445,1.118230785,0.940053153,1.495091833,1.677849455,0.945683759,0.442335947,-0.004773244,0.046930676,0.197411445,0.300057297,0.128713617,0.156898681,0.141318833,0.326124224,0.295786408,0.288375437,1.9795676,0.358913233,0.476380824,0.116099806,0.110794482,0.322483587,0.392348964,0.532936158,0.385426599,0.156463711,0.152354113,0.38563663,0.344560082,0.170834041,0.45611861,0.325859571,0.026105526,0.010667025,-0.052110731,-0.0038252,-0.016245573,0.04593252,0.091620317,0.029606386,0.183236322,0.431953812,1.716983903,-0.155295089,-0.127769978,0.14580596,0.552821876,1.441285872,-0.182834237,-0.079030206,-0.238030245,-0.032801922,-0.258207501,-0.018978981,-0.170529691,0.3188103,0.108060324,0.261219582,-0.045747364,-0.031496949,1.190441,0.612044798,0.307772513,0.24799282,0.586298664,1.953116973,0.45988
25,0.888170179,0.54172446,-0.314716901,1.359180731,1.367019885,1.056492147,1.225023565,1.026725499,0.845514674,1.401496231,1.580710562,0.848392802,0.341548673,-0.111646094,-0.042630499,0.098077345,0.207453606,0.031626231,0.053137126,0.043245512,0.229170506,0.198407403,0.122359169,0.173105592,1.886663779,0.372813177,0.025368869,-0.012046386,0.229162818,0.288156237,0.447994949,0.289499812,0.057588366,0.060504874,0.288649174,0.255292677,0.074034972,0.359601601,0.233024943,-0.086284747,-0.078730715,-0.146840167,-0.115054875,-0.111966491,-0.056392961,-0.010178416,-0.085475125,0.083480366,0.336567982,1.623621063,-0.251395091,-0.221054218,0.037840105,0.462620789,1.346113332,-0.285750305,-0.177881198,-0.33469933,-0.130312903,-0.355168383,-0.118206941,-0.272627852,0.223647988,0.012655295,0.165692613,-0.146280934,-0.129385868,1.094811714,0.521561117,0.215402703,0.156006557,0.489074176,1.859997923,0.3742186
26,0.612571895,0.25959965,-0.591618281,1.081286885,1.09153766,0.784900226,0.951086994,0.756904519,0.570004141,1.124555586,1.304234223,0.568065658,0.133168489,-0.390782125,-0.287426103,-0.16585189,-0.022827418,-0.184718022,-0.210900078,-0.216949199,-0.033831342,-0.148530481,-0.260565011,-0.260663837,-0.178423843,1.611045269,-0.312176217,-0.274783058,-0.005327764,-0.011405998,0.137641808,0.016644316,-0.228660841,-0.225181213,0.007926136,-0.024805885,-0.196611003,0.080870789,-0.043979145,-0.387669056,-0.38554108,-0.475424283,-0.419316401,-0.411010217,-0.332646322,-0.239722707,-0.363275839,-0.171279055,0.045712269,1.346762584,-0.549031067,-0.517476686,-0.23363543,0.178245318,1.074801437,-0.566970658,-0.463062277,-0.608605109,-0.415212388,-0.638286645,-0.393644051,-0.55535087,-0.063164838,-0.26540873,-0.108018597,-0.426832003,-0.402074456,0.811383268,0.243358583,-0.060811124,-0.141143596,0.204026454,1.584733384,0.075144451
27,1.016789351,0.668015129,-0.18950093,1.484422374,1.495331208,1.184150576,1.353764704,1.15342449,0.975499267,1.528316551,1.708802489,0.97587902,0.467751998,0.008945415,0.082027716,0.216441705,0.330755349,0.159953034,0.17758447,0.163199541,0.332849731,0.257533083,0.215516513,0.187064653,0.282141358,0.495833291,2.015050024,0.139128385,0.361902349,0.440398598,0.587442617,0.413098902,0.184912418,0.174765604,0.415570782,0.378099989,0.197198495,0.485021613,0.358079406,0.040309621,0.045364557,-0.017315422,0.027801936,0.07780518,0.066568971,0.120578954,0.056375847,0.210220487,0.480352391,1.750569201,-0.121525534,-0.091663035,0.169769782,0.583422973,1.474103811,-0.15825395,-0.052513432,-0.202680322,-0.003600443,-0.221927153,0.013117733,-0.1426882,0.35087783,0.143146648,0.295156376,-0.021036269,0.001726383,1.218347824,0.648381959,0.341646997,0.278392195,0.614092109,1.988643685,0.479105721
28,1.006986814,0.652605159,-0.1974987,1.473923645,1.482635317,1.179894847,1.346625661,1.147313222,0.966279204,1.518433895,1.697427681,0.963878934,0.498225777,0.016311155,0.085512652,0.239876806,0.350410392,0.188405453,0.18848704,0.181374036,0.349528033,0.264132481,0.162635089,0.161930889,0.224897662,0.51339801,0.119299944,2.005135803,0.382513755,0.396595513,0.539186392,0.412875069,0.169737238,0.168348329,0.407074078,0.370358877,0.195949888,0.472058972,0.347133091,0.025729666,0.018343844,-0.064768654,-0.00703599,0.002042646,0.072189902,0.131940375,0.083605922,0.21764083,0.445934959,1.740209734,-0.148385668,-0.117853612,0.17827622,0.575088247,1.46706984,-0.165826454,-0.063453294,-0.217387288,-0.020615038,-0.24161516,0.010486137,-0.15611431,0.333409216,0.132489045,0.284322552,-0.027073353,-0.006231145,1.202794858,0.63579212,0.330093941,0.258061132,0.598142889,1.979695993,0.459967364
29,0.750173963,0.396455085,-0.451971855,1.215031122,1.22381131,0.915422119,1.085971819,0.887137933,0.701749204,1.257754773,1.440800613,0.701719378,0.246158615,-0.26729352,-0.162002597,-0.051615155,0.093292524,-0.068174412,-0.085434878,-0.099188414,0.092981898,-0.029391078,-0.125663612,-0.147916673,-0.055429801,0.261316636,-0.179462759,-0.139022913,1.74436747,0.145753052,0.280943407,0.150424966,-0.090551388,-0.08858727,0.137196755,0.112613067,-0.068592544,0.212743906,0.08744986,-0.260369834,-0.260103669,-0.345943859,-0.289048068,-0.280277744,-0.204894247,-0.143613313,-0.236262211,0.001626508,0.180772838,1.479147665,-0.411719151,-0.381816993,-0.108022797,0.309305523,1.208824657,-0.434082736,-0.325536788,-0.47953756,-0.284343435,-0.505959571,-0.265153725,-0.421529799,0.072134926,-0.128854026,0.02419918,-0.292840704,-0.273886999,0.947068341,0.376054403,0.070151975,0.00134871,0.340345706,1.717746008,0.230015524
30,0.707402746,0.356211864,-0.498481786,1.176596751,1.18625111,0.879193594,1.04522667,0.847239493,0.663260974,1.219694736,1.400280354,0.664259124,0.162838187,-0.306098425,-0.214705297,-0.098335601,0.035935971,-0.151400749,-0.128075465,-0.151950001,0.052419693,-0.065282339,-0.119326339,-0.156584709,-0.074969795,0.176704989,-0.179499923,-0.203474568,0.067219639,1.705100763,0.35869784,0.107456545,-0.128255172,-0.120921665,0.098420553,0.081535898,-0.106770691,0.185057794,0.050836445,-0.287601706,-0.284487537,-0.361470847,-0.308878109,-0.306613703,-0.246132127,-0.197242971,-0.276453089,-0.094994284,0.179617549,1.442733295,-0.416786622,-0.403270052,-0.152523726,0.271540375,1.16969721,-0.460507232,-0.351643104,-0.514234406,-0.316671799,-0.539963876,-0.294509246,-0.445509421,0.043246109,-0.166647948,-0.010808977,-0.322349448,-0.309781215,0.913858613,0.339836657,0.036694344,-0.032903768,0.305725639,1.678782267,0.18523225
31,0.562112918,0.216110718,-0.640563162,1.032979208,1.040240425,0.731015697,0.900970773,0.700608651,0.518136076,1.074648414,1.255890061,0.521573256,0.012863858,-0.451270754,-0.369085381,-0.242505118,-0.111616501,-0.293872045,-0.275048096,-0.296879375,-0.114923176,-0.217335553,-0.265779783,-0.305683748,-0.204817316,0.036066563,-0.322142137,-0.350569921,-0.087276239,0.069011607,1.560257647,-0.037571126,-0.270540397,-0.258534308,-0.039610722,-0.058813009,-0.254214351,0.050664119,-0.086460185,-0.433284174,-0.428919574,-0.503535886,-0.457352053,-0.454514073,-0.39514393,-0.340718845,-0.424502389,-0.239601418,0.101656644,1.300231175,-0.497323619,-0.5247405,-0.29830744,0.12515018,1.024994094,-0.604809939,-0.489554635,-0.662071844,-0.457551638,-0.68429415,-0.445298845,-0.580373492,-0.105416158,-0.310202099,-0.159595314,-0.467974822,-0.451721868,0.774389667,0.198419548,-0.103422166,-0.171501438,0.16711606,1.534094191,0.061172768
32,0.67750105,0.331654488,-0.517591882,1.140346962,1.15533943,0.841968948,1.01223877,0.815191813,0.634284554,1.18920605,1.364228849,0.631748807,0.147696546,-0.34616685,-0.263207373,-0.136140664,-0.005393126,-0.173899454,-0.172609355,-0.188358772,-0.015004134,-0.123255564,-0.206098266,-0.225876353,-0.135995498,0.142386026,-0.269168897,-0.24956429,0.009522275,0.045087267,0.189745829,1.673916124,-0.033712799,0.006309254,0.237437358,0.251055632,0.143906139,0.231057232,0.18140723,-0.325576834,-0.326855282,-0.412690482,-0.344838498,-0.352552557,-0.260388265,-0.149493327,-0.29711733,-0.091096095,0.109403219,1.411696077,-0.479682407,-0.445634828,-0.173694764,0.242126027,1.136958176,-0.498954979,-0.397005634,-0.550283802,-0.350548342,-0.575139924,-0.321838717,-0.486035977,0.004350839,-0.200862545,-0.046578787,-0.357404329,-0.330480908,0.876860795,0.313026874,0.003447018,-0.066019053,0.275593592,1.646463267,0.145288679
33,0.92146575,0.56744969,-0.285487176,1.386325039,1.396715518,1.086557046,1.256226297,1.056942725,0.875278667,1.431608385,1.610576879,0.874689924,0.37922825,-0.055598606,-0.011322826,0.129269412,0.23488653,0.063403316,0.089481991,0.069864959,0.232853039,0.133453867,0.047207918,0.032833376,0.119765672,0.384753485,-0.009682764,-0.005029503,0.256218538,0.297048167,0.444449175,0.453959818,1.917752433,0.167833577,0.763341892,0.381162172,0.276319433,0.617087151,0.673471093,-0.070779744,-0.063321722,-0.143303102,-0.089160956,-0.088648494,0.007124786,0.063439334,-0.047623117,0.129568024,0.362390623,1.654997366,-0.238347894,-0.195908748,0.100854928,0.492879815,1.382996306,-0.250391443,-0.152828898,-0.298394152,-0.097410458,-0.329569981,-0.070778526,-0.243402333,0.24514525,0.044300746,0.197952786,-0.118102055,-0.094468827,1.116968535,0.551899683,0.24490106,0.168614726,0.510354754,1.891408741,0.373972164
34,0.915080662,0.571013808,-0.277471434,1.386724926,1.394017256,1.084597309,1.253149608,1.056538463,0.871559738,1.426336139,1.60591974,0.871010126,0.372168248,-0.089695685,0.059655759,0.113552123,0.256719083,0.059793872,0.081869494,0.061673729,0.226553558,0.118295133,0.038346449,0.019985974,0.113944375,0.379495308,-0.028567383,-0.015156217,0.249444851,0.295643869,0.447717459,0.485244067,0.159095772,1.91338353,0.405739101,0.588838999,0.257519546,0.504684033,0.362537024,-0.089688805,-0.081560666,-0.166555235,-0.115232828,-0.104682734,-0.03407033,0.045414768,-0.068944733,0.133069504,0.357244082,1.650540886,-0.234029752,-0.209276787,0.058132808,0.483519408,1.375434002,-0.261694641,-0.155479104,-0.305652717,-0.10863766,-0.332082909,-0.084074596,-0.249135582,0.243507753,0.039508245,0.194452092,-0.121768485,-0.09731704,1.126140515,0.552409862,0.242862855,0.177115217,0.517715929,1.887756729,0.393016407
35,0.683681693,0.329710635,-0.520543902,1.150684673,1.161882989,0.850780717,1.022545958,0.820192241,0.642650534,1.196210567,1.375843846,0.641187051,0.135259892,-0.315860066,-0.256182544,-0.094789046,-0.004459432,-0.173823411,-0.141570875,-0.160063208,-0.009470899,-0.110353426,-0.196448445,-0.209463884,-0.120643699,0.149870283,-0.250494579,-0.239162843,0.012496502,0.052253712,0.20390867,0.253639796,0.291871713,-0.056993273,1.682017343,0.176840695,0.080700734,0.448545382,0.5837799,-0.311193834,-0.301137834,-0.38754376,-0.320523177,-0.329837331,-0.225064445,-0.155301899,-0.275942844,-0.098972362,0.12024405,1.419385358,-0.476218162,-0.438667031,-0.126525467,0.259892249,1.15053948,-0.491568213,-0.390380675,-0.538921742,-0.340651058,-0.568359809,-0.303395606,-0.484290092,0.005502411,-0.192932281,-0.0356035,-0.35296973,-0.328102162,0.880324405,0.315983926,0.008193536,-0.065014609,0.275035697,1.655244342,0.131389283
36,0.715538541,0.377243345,-0.474557043,1.183996969,1.19514157,0.883681867,1.053983648,0.858198365,0.673029627,1.22568093,1.406772495,0.669969177,0.174297927,-0.298507214,-0.19573302,-0.092475421,0.083768445,-0.137282439,-0.123597584,-0.144625648,0.024551177,-0.079156019,-0.166344536,-0.189247562,-0.092707325,0.178431133,-0.226672501,-0.214585173,0.049205685,0.096661929,0.245999254,0.328550941,-0.029015137,0.187399495,0.238133566,1.712663778,0.081283768,0.345136229,0.195190856,-0.292300593,-0.284435308,-0.370320715,-0.315572658,-0.309173044,-0.227276626,-0.142733234,-0.268551573,-0.063258045,0.156459574,1.449614232,-0.435201486,-0.410787169,-0.140687293,0.282508398,1.178909196,-0.460967511,-0.361240758,-0.510678309,-0.313989898,-0.534874072,-0.291287559,-0.449554204,0.03953161,-0.161161307,-0.006983604,-0.321535701,-0.297824177,0.927160258,0.354133257,0.044991986,-0.020093447,0.320137639,1.686347505,0.201553247
37,0.903019895,0.553681895,-0.291355065,1.3689748,1.382385836,1.072576513,1.238879123,1.040158767,0.865463348,1.413760974,1.595264845,0.8575437,0.363883119,-0.110942882,-0.027392906,0.100995831,0.22392653,0.08844115,0.062650887,0.045809726,0.216667763,0.11519905,0.023941734,0.011979446,0.100988018,0.381579063,-0.032620947,-0.014041114,0.242953122,0.283308388,0.42555096,0.596354496,0.241095173,0.231033091,0.516946653,0.456236817,1.900140302,0.489714322,0.446703653,-0.09196583,-0.092315136,-0.16833428,-0.108764504,-0.113613736,-0.008559838,0.102646937,-0.042526616,0.144310934,0.343361368,1.637702439,-0.255892042,-0.21915739,0.054366964,0.472274631,1.367065355,-0.272901464,-0.169213812,-0.321234154,-0.123753586,-0.347042691,-0.095175428,-0.257538705,0.226329875,0.026989648,0.18372503,-0.133210969,-0.106013151,1.100051968,0.536222571,0.230967289,0.156957005,0.498135667,1.873840643,0.367588114
38,0.619206483,0.265006093,-0.585606926,1.087043768,1.096390972,0.787876536,0.953111656,0.755969047,0.575100377,1.130591146,1.311007551,0.575492643,0.069485182,-0.383540768,-0.316219638,-0.170559464,-0.058327432,-0.238201676,-0.162326149,-0.231759425,-0.064720844,-0.167209947,-0.256377511,-0.26970323,-0.180412598,0.092093611,-0.311765074,-0.304899275,-0.042677673,0.008169628,0.163462186,0.116538344,0.014895646,-0.088769667,0.317824057,0.153122033,-0.077252923,1.61665668,0.283293671,-0.380988563,-0.374831145,-0.461347927,-0.404626727,-0.396696785,-0.308359558,-0.24670822,-0.359417643,-0.168886143,0.061616579,1.355085057,-0.536318182,-0.509094105,-0.207497595,0.189056892,1.088863853,-0.554069825,-0.45622058,-0.60186426,-0.406050894,-0.632048565,-0.376380544,-0.547577533,-0.056743129,-0.258616437,-0.103367637,-0.418535063,-0.397753073,0.817471488,0.248523102,-0.056345486,-0.131463228,0.210668972,1.590516147,0.068986967
39,0.728431461,0.376012636,-0.476249456,1.19549452,1.206580211,0.895574309,1.067337621,0.865641803,0.688413275,1.239948396,1.419614194,0.685732855,0.177268356,-0.282936471,-0.21385545,-0.063001828,0.040588933,-0.13674996,-0.101806842,-0.12123978,0.029831982,-0.069550842,-0.164195329,-0.177937057,-0.084964043,0.189268888,-0.216682069,-0.207799943,0.054053494,0.095973491,0.248363094,0.288913554,0.2933048,-0.008891464,0.675083786,0.225201872,0.101761621,0.505318883,1.727669286,-0.271613643,-0.26346888,-0.348136715,-0.281516611,-0.288025796,-0.175558705,-0.112841543,-0.237996815,-0.056176558,0.165784566,1.464234811,-0.431573142,-0.395057652,-0.094406444,0.299357155,1.192304287,-0.446766478,-0.346545765,-0.495616742,-0.29766057,-0.523606914,-0.265085566,-0.439578789,0.051877675,-0.147736005,0.006977673,-0.306310183,-0.284569238,0.924482818,0.358915624,0.053552998,-0.020228481,0.320841933,1.701095298,0.175461364
40,1.048400813,0.698275491,-0.152364945,1.518226915,1.525586292,1.221739126,1.388312927,1.189276816,1.007247714,1.559538628,1.738104902,1.006141233,0.502599738,0.041208173,0.107348836,0.255755339,0.358182207,0.190488716,0.210806499,0.195342954,0.333021238,0.231621373,0.201545085,0.159718647,0.233136015,0.482988727,0.102957895,0.10820638,0.343643549,0.394945089,0.538948854,0.41933924,0.186463712,0.176292456,0.417519802,0.375120172,0.200501887,0.478446398,0.365796106,2.046374161,0.16501452,0.097554295,0.113807993,0.110437708,0.169098018,0.218625268,0.150663404,0.304739969,0.543102678,1.803133238,-0.076894843,-0.039940955,0.216659693,0.624664733,1.508068608,-0.118290629,-0.016431691,-0.173699628,0.035341034,-0.196333558,0.055402899,-0.110904543,0.37844045,0.17455821,0.328793322,0.022575763,0.037533369,1.257451336,0.679766934,0.39216845,0.309608478,0.64841035,2.020861734,0.537677978
41,1.042165589,0.691369204,-0.163446167,1.508328867,1.517638118,1.212041156,1.379676756,1.179243174,0.999256028,1.553692322,1.731567677,0.998481154,0.497020791,0.028108277,0.10049889,0.24093886,0.352931378,0.178911038,0.198656777,0.18113639,0.317753332,0.219766675,0.155925569,0.131771415,0.228181315,0.47260797,0.095504099,0.088311826,0.331400981,0.385550526,0.530804722,0.405552059,0.181413002,0.171911863,0.41506707,0.370476725,0.187643848,0.472095084,0.361432137,0.152505788,2.040119795,0.092844093,0.178878739,0.185549593,0.148577513,0.198744711,0.145875878,0.306309782,0.53480718,1.79178023,-0.101659086,-0.062641994,0.190365328,0.615334626,1.500940545,-0.129420827,-0.026483864,-0.182491728,0.024104848,-0.204510376,0.036248157,-0.115989435,0.375574156,0.168517301,0.320503215,0.016053472,0.032158393,1.241605492,0.672121967,0.379951479,0.301696898,0.638225534,2.013810341,0.514639296
42,1.127855626,0.777728435,-0.077000486,1.594597812,1.60546015,1.298413908,1.461708582,1.268400199,1.086435403,1.637540684,1.815216729,1.087479416,0.576007867,0.114207706,0.185203195,0.323694612,0.436517161,0.262917145,0.281835951,0.265288265,0.400613155,0.311876935,0.276735687,0.240413587,0.331491792,0.554144696,0.204244049,0.176619257,0.41698072,0.479987145,0.627608338,0.491136788,0.27285155,0.258337222,0.500081072,0.456011247,0.283044633,0.556998231,0.44818423,0.256465491,0.264264022,2.125829759,0.391716599,0.225651652,0.234684172,0.280982101,0.248011659,0.384534177,0.638598163,1.877074459,-0.003161966,0.049715868,0.278239297,0.701182461,1.587250129,-0.039324506,0.061406039,-0.093626043,0.111346196,-0.115483342,0.129321897,-0.03027799,0.459794286,0.25312196,0.409975209,0.098969995,0.117534113,1.338249423,0.762268756,0.46390503,0.393599263,0.72911151,2.100246404,0.615525595
43,1.071711429,0.723115538,-0.12520996,1.542063055,1.549071455,1.247492375,1.412316804,1.210241743,1.031819063,1.584378063,1.764389576,1.028746143,0.52550354,0.057439497,0.1325447,0.26983191,0.383369482,0.213205734,0.228629692,0.212079647,0.346507101,0.246095967,0.200037654,0.17906606,0.253644026,0.500619521,0.139728349,0.124718864,0.364243453,0.422946825,0.564159114,0.449355714,0.217360639,0.200026572,0.457468598,0.401126246,0.232981352,0.504086373,0.405171277,0.163086131,0.24066561,0.282083542,2.07101323,0.268503454,0.180892633,0.226189964,0.203980201,0.334345148,0.576965927,1.823773465,-0.069433149,-0.012363262,0.228623762,0.644658763,1.531696332,-0.096788445,0.004644997,-0.151433485,0.053088436,-0.171909862,0.071366517,-0.084311845,0.407291092,0.197938027,0.354336398,0.046733171,0.06406066,1.276829997,0.703339564,0.413852863,0.333441225,0.669654652,2.045926817,0.554173154
44,1.066445473,0.7131979,-0.138993046,1.532512801,1.542814149,1.23587563,1.400254017,1.205622315,1.022915957,1.576123898,1.753187733,1.020741806,0.515894401,0.049068936,0.120013517,0.25803559,0.373734853,0.201593363,0.215646878,0.200798085,0.338317739,0.235465471,0.184203417,0.151603171,0.241689893,0.493883188,0.174689076,0.118754983,0.35797126,0.410168714,0.551954577,0.426599138,0.202830583,0.195534148,0.433111926,0.392483342,0.213089603,0.496973798,0.383619575,0.14467333,0.232293947,0.100976077,0.253460937,2.063491972,0.1733163,0.235210948,0.19786771,0.328652071,0.567572581,1.817496262,-0.077522467,-0.039826907,0.216377082,0.631189437,1.523799653,-0.109864789,-0.005643558,-0.159337453,0.041942624,-0.18064261,0.058787824,-0.098186066,0.392002411,0.19180348,0.34348125,0.034402334,0.05398909,1.266636047,0.696515724,0.409382198,0.326183709,0.660984104,2.037302694,0.528381975
45,0.997881432,0.644894527,-0.205017041,1.463993807,1.47387135,1.169629071,1.33393821,1.134756475,0.956630411,1.510820873,1.689000608,0.954330991,0.451151835,-0.019009739,0.053888022,0.203782025,0.310124444,0.138686693,0.160359436,0.145430498,0.273297957,0.172210907,0.094295737,0.077607912,0.161090072,0.436073731,0.027279516,0.052728888,0.297181406,0.334476939,0.475151369,0.38259008,0.162430513,0.129973202,0.401711462,0.338206409,0.18197015,0.449137674,0.359913315,0.067160289,0.059148516,-0.026164754,0.029676765,0.037142949,1.995405296,0.252259729,0.125867193,0.304941064,0.481473019,1.745377122,-0.154890447,-0.110220394,0.154575588,0.570244005,1.456682732,-0.176675429,-0.073063484,-0.225461614,-0.026914316,-0.253084332,0.008233896,-0.164119061,0.322183936,0.120954058,0.275304606,-0.031043621,-0.013251281,1.194739209,0.627439528,0.331657216,0.250438678,0.590912551,1.969089472,0.44874377
46,0.944769753,0.593128322,-0.257580871,1.411735001,1.419423,1.118040061,1.282905613,1.082450383,0.901687834,1.454153335,1.635228537,0.899241657,0.408265402,-0.073254087,0.009634411,0.143899984,0.265295421,0.094211893,0.103288534,0.088734377,0.230566407,0.116028481,0.039706566,0.015630344,0.099639253,0.421331982,-0.026375866,0.004813996,0.250796975,0.275700731,0.421911089,0.385819652,0.111079697,0.101792935,0.363808643,0.315084437,0.18551156,0.403123648,0.314965112,0.009022174,0.001650349,-0.087532189,-0.032691268,-0.008627768,0.144594365,1.941572614,0.1171984,0.297015841,0.426339814,1.690298467,-0.210860147,-0.174079084,0.101339981,0.515064563,1.405888922,-0.232716957,-0.132734535,-0.281032156,-0.082374103,-0.308592881,-0.057766201,-0.223314864,0.267390337,0.06950818,0.22119181,-0.077985323,-0.0615116,1.143591011,0.576370809,0.277962074,0.19540237,0.536138954,1.915895392,0.405061781
47,1.036044534,0.682378558,-0.16345691,1.504274001,1.513946079,1.209492911,1.374322084,1.174280721,0.994863386,1.5458256,1.724712116,0.992073438,0.496746029,0.028059432,0.097485688,0.242787242,0.349227318,0.190985544,0.196727979,0.187910494,0.319519696,0.217164974,0.157454489,0.138064787,0.208790917,0.482227222,0.0938694,0.140927915,0.34259645,0.380938985,0.522575918,0.422644022,0.184465617,0.171881807,0.427616071,0.37371447,0.224786379,0.474862597,0.374258213,0.125508682,0.133229889,0.063945741,0.129547341,0.138477367,0.202650201,0.301646772,2.0337968,0.371959266,0.536357535,1.78664788,-0.11018267,-0.070975619,0.205002703,0.613171841,1.498166007,-0.136401384,-0.03752437,-0.189933287,0.013580327,-0.208722348,0.043414715,-0.125688343,0.360014372,0.159402341,0.312451491,0.017499769,0.032184328,1.234062936,0.668209778,0.376586449,0.290830086,0.628199242,2.00786405,0.489818393
48,0.847660568,0.496654889,-0.348054927,1.315841592,1.327477675,1.020876926,1.186644308,0.990505808,0.807452996,1.360954884,1.540270379,0.805501992,0.309233214,-0.173049415,-0.087215021,0.043589989,0.169981787,0.006424217,0.004519378,-0.012587733,0.133504979,0.014796869,-0.057276597,-0.083162844,0.00288884,0.29936644,-0.127143526,-0.099894743,0.205627602,0.187540223,0.332619323,0.253807691,-0.013200808,-0.000961523,0.229728986,0.204150432,0.036766363,0.290536531,0.181220903,-0.095272318,-0.081193773,-0.174389308,-0.114945279,-0.105595838,0.006866505,0.106606647,-0.0028983,1.846368017,0.340977464,1.598744208,-0.302432941,-0.268951053,-0.003120016,0.416052849,1.313530619,-0.325998073,-0.224420849,-0.377201982,-0.181937303,-0.404741383,-0.156399944,-0.316591456,0.169754095,-0.026633659,0.123482324,-0.174460117,-0.158005615,1.049758812,0.482720209,0.188805572,0.104009583,0.441198343,1.81919433,0.318024626
49,0.607625781,0.258572055,-0.600061025,1.07634818,1.082706429,0.774635658,0.944024423,0.747735764,0.565089204,1.118535925,1.297313387,0.565426131,0.058324548,-0.415485648,-0.333041198,-0.203593723,-0.078651532,-0.259372259,-0.241065455,-0.257591031,-0.122560591,-0.224614208,-0.287107681,-0.319115499,-0.228693688,0.031687619,-0.341681767,-0.356270758,-0.099896212,-0.022518088,0.18920724,-0.03036314,-0.265048354,-0.26145709,-0.035724747,-0.060802093,-0.248853347,0.036369108,-0.081488118,-0.341579755,-0.33736652,-0.404995466,-0.356994644,-0.351345473,-0.301271684,-0.248739524,-0.323170176,-0.143692681,1.604032945,1.358257006,-0.493099141,-0.366808539,-0.247408123,0.173375381,1.071357702,-0.568354301,-0.458444,-0.61811092,-0.415698621,-0.641955316,-0.402044018,-0.54128463,-0.063041926,-0.268979589,-0.115568399,-0.419076278,-0.403153501,0.813190958,0.241247393,-0.044835538,-0.134959525,0.204627715,1.577054862,0.080311836
50,-0.716721209,-0.979544029,-1.521380811,-0.25357409,-0.231456494,-0.551221768,-0.385585027,-0.567448647,-0.762782511,-0.208712155,-0.035300776,-0.762416378,-1.188217928,-1.650371319,-1.562756342,-1.430549122,-1.300394257,-1.467327816,-1.476939469,-1.436170683,-1.363137625,-1.473774595,-1.506497007,-1.538627857,-1.458543069,-1.171804515,-1.571452484,-1.543354875,-1.313434506,-1.275914909,-1.148691649,-1.282341023,-1.510160436,-1.470299843,-1.259016543,-1.271161551,-1.475301228,-1.206144676,-1.263153218,-1.658956769,-1.634785927,-1.673564023,-1.624574259,-1.654251515,-1.5323544,-1.484980994,-1.605920939,-1.429510798,-1.199137206,0.282376563,-1.168866164,-1.136405163,-1.459874531,-1.03313445,-0.142502649,-1.446804481,-1.440791096,-1.465654679,-1.455306511,-1.498747906,-1.454049999,-1.476004466,-1.124199426,-1.488104618,-1.200171054,-1.26542955,-1.156470059,-0.519506558,-1.085787487,-1.105988647,-1.277588072,-1.123407439,0.268504146,-1.278763427
51,1.33703719,0.994414369,0.035134313,1.806055958,1.829846806,1.503430229,1.673691872,1.49622288,1.291666469,1.845635151,2.019935902,1.293922826,0.77911761,0.314336572,0.390388762,0.515541393,0.637674255,0.457762051,0.475010045,0.466743747,0.604834692,0.483238222,0.432750692,0.401885714,0.492614252,0.745112293,0.365280649,0.358525361,0.616128947,0.689282274,0.899837486,0.691253959,0.445427203,0.457104559,0.676407434,0.657238335,0.46293242,0.749966961,0.631558212,0.359869078,0.347215974,0.270015329,0.315426447,0.32572946,0.379216719,0.430270915,0.348737506,0.532385444,0.82816048,2.311980516,2.335274538,0.584233699,0.479013012,0.892992715,1.789130145,0.053368322,0.168500479,-0.020455983,0.179187182,-0.056774953,0.182974018,0.067540193,0.566794586,0.34022123,0.459062253,0.019910114,0.148951982,1.555753376,0.971827279,0.911346423,0.329470736,0.946856293,2.297352345,0.832683161
52,1.342415154,0.998660569,0.044250096,1.81274393,1.834002954,1.5129534,1.680795136,1.50647994,1.298126194,1.854381062,2.029333037,1.303616455,0.78925647,0.319086307,0.40206142,0.521205069,0.651125596,0.468645065,0.486744237,0.471734043,0.609858659,0.494518917,0.443860198,0.412046181,0.505639422,0.758905974,0.37588414,0.370035834,0.627157663,0.685046944,0.857361456,0.70275745,0.467392606,0.464059505,0.693202928,0.663647088,0.478704393,0.756514822,0.647444253,0.376725605,0.366852469,0.306907075,0.351278638,0.343303724,0.405673992,0.448736615,0.369872906,0.548588791,0.935821241,2.314249849,0.594590171,2.340452775,0.489724951,0.905454706,1.802135789,0.067703874,0.173688909,-0.009249789,0.197976914,-0.044570149,0.193553468,0.079989694,0.578689156,0.348071503,0.460146511,0.040654553,0.164317396,1.563315672,0.980651168,0.919383415,0.330513939,0.947570502,2.30092956,0.849607605
53,0.913927854,0.5386459,-0.31622042,1.357182364,1.365020015,1.060631986,1.227095194,1.023267602,0.845192552,1.402713516,1.573827742,0.84680218,0.357267824,-0.011325799,-0.057617375,0.218613321,0.206922031,0.038419618,0.161787535,0.14165327,0.172624942,0.060138766,-0.021583667,-0.036798095,0.041043691,0.320805176,-0.083799121,-0.055464242,0.179773408,0.213805892,0.357708411,0.255004133,0.041881207,0.007896892,0.285970991,0.210516295,0.030617504,0.33572019,0.226786128,-0.099557484,-0.113343117,-0.196889076,-0.136871553,-0.134075716,-0.05970386,-0.005274102,-0.086059753,0.080675095,0.321057133,1.627884504,-0.264127028,-0.231449952,1.888265572,0.591860005,1.45748256,-0.256163997,-0.169373785,-0.32544432,-0.117578315,-0.352604439,-0.052324673,-0.260121462,0.23198539,0.014533926,0.170051351,-0.146555573,-0.127734238,1.090877263,0.530781559,0.217867462,0.142212608,0.484147936,1.862484273,0.333987468
54,0.472135433,0.116181713,-0.73954735,0.936552337,0.944804701,0.636180919,0.802815151,0.604322464,0.425284563,0.979073876,1.159150482,0.42703924,-0.080873694,-0.54200154,-0.475992102,-0.331650236,-0.222679428,-0.397973147,-0.375335421,-0.38423653,-0.259749707,-0.36836005,-0.452700182,-0.470630368,-0.375023814,-0.108162265,-0.510994118,-0.499500404,-0.24374646,-0.202978196,-0.059682157,-0.170023265,-0.406942094,-0.407564696,-0.168459481,-0.207136203,-0.392323018,-0.108573512,-0.220298462,-0.532400633,-0.529222007,-0.614794101,-0.561684742,-0.560111551,-0.484883631,-0.432397709,-0.518738803,-0.341000229,-0.099007552,1.206314831,-0.690858071,-0.659970702,-0.248988184,1.467841478,1.069382335,-0.705023748,-0.597959042,-0.751697335,-0.553566765,-0.777223905,-0.528536315,-0.688696832,-0.197468807,-0.406892874,-0.254624699,-0.568257245,-0.548356656,0.669691633,0.104657028,-0.205064321,-0.279932444,0.061242805,1.441389995,-0.082840986
55,-0.423971826,-0.782158479,-1.636948445,0.038474255,0.046255429,-0.262336512,-0.094312361,-0.294834507,-0.474466008,0.080186056,0.257990986,-0.473112652,-0.980479994,-1.456542337,-1.381294292,-1.24007322,-1.119946357,-1.300663428,-1.278399915,-1.293085906,-1.158611769,-1.277378553,-1.354180649,-1.380419308,-1.289784207,-1.009859082,-1.418566216,-1.405771746,-1.142480262,-1.103074296,-0.958091179,-1.073444052,-1.31507854,-1.313903039,-1.076065186,-1.108988341,-1.29578523,-1.007019487,-1.125604266,-1.447249693,-1.441869024,-1.526979369,-1.472900109,-1.46575427,-1.39669784,-1.339826286,-1.431997573,-1.241775395,-0.999278167,0.306859474,-1.590112378,-1.559565989,-1.181618565,-0.728870601,0.56871501,-1.599824933,-1.497071511,-1.651447707,-1.454362323,-1.677984171,-1.433948373,-1.587035956,-1.098320211,-1.303554542,-1.14999424,-1.467002528,-1.442745744,-0.226276631,-0.7931595,-1.104665544,-1.177684222,-0.836032563,0.541182163,-0.981060147
56,1.321221183,0.965270771,0.008343868,1.783703638,1.79391943,1.484669767,1.651383744,1.453659317,1.271829693,1.841452399,2.002965677,1.273372904,0.762583796,0.292069317,0.369529833,0.504758701,0.624025329,0.441835147,0.468452271,0.4491585,0.588721343,0.471695233,0.396369004,0.381117379,0.461596987,0.732553713,0.333205871,0.347011325,0.598254737,0.650463745,0.79729468,0.673749114,0.43776868,0.435359898,0.665304537,0.638046867,0.451299842,0.737005794,0.621092253,0.310766582,0.312235432,0.230462745,0.282783663,0.286484486,0.353653767,0.405488598,0.321647575,0.505077544,0.749604302,2.051255485,0.162568739,0.19376219,0.520122905,0.916605303,1.817845526,2.31321077,0.336049437,0.084578161,0.233241988,-0.000507574,0.245023997,0.186395761,0.641066037,0.313248252,0.598284184,-0.012853679,0.300530395,1.517524632,0.949808302,0.642695861,0.421233182,0.910774527,2.279873159,0.777859481
57,1.237975533,0.878477093,-0.07682248,1.705877356,1.737548456,1.405050967,1.569516122,1.40297557,1.190652834,1.75417563,1.919933442,1.194211438,0.679029137,0.207702185,0.291901839,0.422469993,0.542938267,0.36455198,0.387409405,0.367580138,0.49906297,0.388145805,0.32163191,0.301983372,0.38729435,0.652549551,0.256775615,0.265719674,0.525132486,0.577735127,0.730000905,0.590228746,0.352061881,0.357803681,0.582715348,0.554136194,0.371645233,0.651799658,0.538112731,0.228137978,0.231286141,0.147438057,0.198959809,0.207701393,0.274478399,0.322654754,0.237214232,0.423686232,0.675729518,1.987018751,0.10799554,0.132900884,0.421134251,0.840489421,1.735929272,0.169037125,2.229704615,0.031337314,0.159419716,-0.057951023,0.160402849,0.374507105,0.556869261,0.229401419,0.514795554,-0.094518985,0.219165285,1.436168944,0.864452859,0.620170179,0.328267576,0.827086018,2.197423982,0.695984074
58,1.388545462,1.03662455,0.072807096,1.852414336,1.863123037,1.556736933,1.720406142,1.522433018,1.342804249,1.90075158,2.0742764,1.345733702,0.833987659,0.360833103,0.441744568,0.567628592,0.692337346,0.516833478,0.534812507,0.518320469,0.652840304,0.535495171,0.45981188,0.445580714,0.531397085,0.810842738,0.407511752,0.412619352,0.67270586,0.716183747,0.85729949,0.738739469,0.506366496,0.508604662,0.735827439,0.704709903,0.521158578,0.807100537,0.689345691,0.372584734,0.378826219,0.297135797,0.347564991,0.354895613,0.422999481,0.475913661,0.387536011,0.572111671,0.818178249,2.12377446,0.229496753,0.260616311,0.564153351,0.990133317,1.883355668,0.227068583,0.340840048,2.384455982,0.317016209,0.130311111,0.316475793,0.213381978,0.711409227,0.381145187,0.664279317,0.052647765,0.369871873,1.585642318,1.022302288,0.712246506,0.472209582,0.977439151,2.351415411,0.836050435
59,1.195574689,0.846592885,-0.117304421,1.662856653,1.672877976,1.367361584,1.532517232,1.334179032,1.15024751,1.70739023,1.882664119,1.153687093,0.643656744,0.182351017,0.251050704,0.391043669,0.505671067,0.327742481,0.352288792,0.333397178,0.464169534,0.355997899,0.288130245,0.26267012,0.351999097,0.61593945,0.222146823,0.225756038,0.480998212,0.52649686,0.676679335,0.553487334,0.321459668,0.319394241,0.546901492,0.516915432,0.329824805,0.616512939,0.500940194,0.198020177,0.198611915,0.112622291,0.163403641,0.170430444,0.235113685,0.288578095,0.205571384,0.383097169,0.633880992,1.93003106,0.043558994,0.079942639,0.388617229,0.800160715,1.692537427,-0.009003212,0.084186828,-0.067719414,2.192088171,-0.084828214,0.167509228,-0.00946717,0.563627822,0.190161198,0.476578303,-0.132274787,0.185795365,1.402104482,0.827164047,0.5215951,0.290457782,0.793866852,2.159703727,0.66115464
60,1.444855824,1.077855989,0.119093117,1.894157222,1.904323783,1.595731403,1.765947682,1.572755689,1.388129534,1.9414082,2.114074294,1.391904625,0.878692823,0.401655478,0.483450382,0.612151554,0.74356482,0.565452704,0.574263921,0.561944411,0.694362671,0.578532272,0.506741694,0.492254769,0.579751994,0.848735862,0.456547381,0.456846964,0.712181796,0.758098464,0.904232816,0.782748735,0.544242856,0.550818395,0.774981774,0.749759813,0.561988166,0.847177198,0.731160945,0.419537149,0.42431436,0.339318692,0.391077521,0.401410407,0.463165914,0.518690743,0.440373659,0.614363433,0.864569732,2.164759767,0.276199807,0.30474366,0.605176739,1.029307064,1.92096314,0.223366523,0.332935386,0.211694786,0.381291083,2.425147819,0.364129122,0.236144578,0.746664105,0.425014853,0.710542149,0.09657855,0.410510016,1.632263152,1.065425429,0.757203189,0.516975495,1.020387373,2.393172025,0.88287296
61,1.196356386,0.840729294,-0.107122165,1.652590309,1.663109232,1.360458891,1.523864151,1.324014959,1.145629659,1.701793517,1.876250992,1.143810067,0.639327001,0.187556252,0.240206167,0.395714353,0.499341985,0.322393492,0.354002841,0.333297749,0.459326034,0.346695454,0.273707609,0.250829264,0.334843938,0.611841741,0.211254098,0.228121363,0.471872736,0.522570971,0.661253403,0.553895683,0.319849357,0.316574431,0.557666671,0.512122441,0.33280074,0.618676788,0.508175489,0.188427048,0.181951058,0.1031551,0.156501306,0.160749532,0.245348499,0.286988549,0.207477684,0.380298788,0.621297636,1.922503849,0.033413585,0.063087451,0.425414486,0.797186643,1.685981835,-0.01320526,0.069185903,-0.084243887,0.151525171,-0.117974232,2.184096142,0.000539463,0.534930641,0.1861697,0.467723127,-0.143036843,0.173289188,1.392369743,0.829105346,0.51464383,0.279148201,0.783388571,2.152288586,0.642866286
62,1.339505278,0.988977576,0.038394696,1.810216853,1.856805743,1.510233069,1.676588104,1.58483829,1.294686374,1.854462292,2.026944208,1.296947924,0.78752131,0.317295188,0.39571491,0.528636596,0.649445453,0.47187856,0.492486447,0.473563087,0.605303916,0.491939556,0.422892348,0.407332327,0.489520055,0.757621287,0.363454358,0.369510544,0.62414034,0.680923743,0.834986275,0.697318445,0.455369114,0.458600065,0.68444265,0.660774796,0.478936364,0.756181071,0.639127524,0.331306925,0.340542346,0.252766256,0.30693467,0.311698226,0.381722683,0.43168763,0.348696384,0.529531717,0.791861103,2.100039491,0.218989322,0.249087619,0.52550552,0.946444467,1.84118824,0.230093518,0.585217173,0.114589313,0.276475787,0.055968237,0.302466477,2.335059649,0.675347981,0.333198523,0.618219159,0.006637737,0.322115822,1.543879991,0.971759743,0.75102549,0.437600664,0.937285938,2.302549552,0.8138609
63,0.816057605,0.464171565,-0.499135163,1.282675404,1.292048363,0.981672958,1.149687605,0.951150712,0.768424039,1.326458224,1.501940349,0.772289393,0.266833055,-0.206593076,-0.123411636,0.002506733,0.129329256,-0.05082001,-0.03030803,-0.049978449,0.083923283,-0.02817516,-0.097015041,-0.116435008,-0.028304352,0.236850033,-0.157315159,-0.15411886,0.105647486,0.154668998,0.298446814,0.174570686,-0.067927435,-0.058496466,0.161283979,0.138838062,-0.051326971,0.235099615,0.119131868,-0.192610265,-0.182399625,-0.270863927,-0.214239527,-0.212457265,-0.146444254,-0.091049219,-0.177823998,0.003973194,0.256558412,1.549384327,-0.331314473,-0.302734127,0.009501651,0.428989628,1.322010994,-0.364607792,-0.281792257,-0.436755024,-0.199800807,-0.482883822,-0.21251393,-0.374023605,1.810373856,-0.176895008,0.148424167,-0.511449728,-0.180752504,1.027846801,0.451722005,0.139737708,-0.090085657,0.412612783,1.777982752,0.28670076
64,1.030293173,0.684524097,-0.280097884,1.495068153,1.504106741,1.193806855,1.360632368,1.165147727,0.98326638,1.537767536,1.710630222,0.983879792,0.467322079,-0.008605282,0.072164154,0.199560066,0.325635045,0.145443688,0.164767521,0.149612489,0.293804232,0.169342001,0.0967452,0.074341447,0.163593034,0.439203842,0.037731236,0.046002298,0.307285145,0.347885495,0.49422343,0.377538906,0.135253265,0.138310912,0.368787202,0.337312252,0.151977844,0.43551332,0.322969982,0.007764379,0.013079696,-0.072858348,-0.020531449,-0.010306715,0.055508397,0.111713879,0.017850485,0.207852418,0.44894913,1.768443942,-0.122224107,-0.092016855,0.163296399,0.581817138,1.484726218,-0.257672078,-0.1745066,-0.332265565,-0.138513932,-0.369779574,-0.126521372,-0.281419564,0.257858491,2.027750606,0.443424072,-0.210749351,0.033473013,1.238407407,0.672092616,0.357347412,0.118380226,0.628356146,1.994264109,0.481006884
65,0.914003999,0.564959533,-0.39750063,1.381395833,1.38948094,1.078064972,1.248905714,1.047997921,0.867420197,1.42170961,1.594828708,0.867269714,0.360106261,-0.121327429,-0.039314719,0.087462299,0.213632989,0.044639077,0.050584099,0.037925691,0.177618378,0.05405591,-0.01976633,-0.041348659,0.048829914,0.325337206,-0.079202296,-0.069475667,0.191449915,0.234736888,0.375958216,0.263153914,0.019718114,0.024932996,0.255799032,0.225302892,0.039364443,0.322263859,0.207630013,-0.106594478,-0.104417771,-0.184765559,-0.132637292,-0.127850418,-0.059137314,-0.0058998,-0.099397956,0.088248111,0.333816608,1.650419355,-0.389624723,-0.398896937,0.052276625,0.466509994,1.369142256,-0.367358484,-0.284177828,-0.445947722,-0.247992665,-0.481398386,-0.236198961,-0.389782728,0.194086197,0.068923776,1.91093105,-0.390735957,-0.104623221,1.121954047,0.551284101,0.240139273,-0.106999374,0.507917804,1.870712924,0.369558539
66,1.358772164,1.005018737,0.047485321,1.824566465,1.832451834,1.523676847,1.694020917,1.49334075,1.312738266,1.867776463,2.039805994,1.312166724,0.801117688,0.321549892,0.409218768,0.52944783,0.660830051,0.477642097,0.492935102,0.481234575,0.6201285,0.498858292,0.435005145,0.409659911,0.495670544,0.765653046,0.363093299,0.377269206,0.632246669,0.683653728,0.827518871,0.70882929,0.460192673,0.466501988,0.696960202,0.668851427,0.480162724,0.76252579,0.654279909,0.347816905,0.353030289,0.265012606,0.321239797,0.322031688,0.391502747,0.45426097,0.366669003,0.549623279,0.789384946,2.095156701,0.215481225,0.255163833,0.493506672,0.910915665,1.811260409,0.07205093,0.157397935,-0.004938049,0.194875022,-0.042390938,0.200097024,0.047844589,0.579128709,0.445075588,0.654713002,2.355663075,1.116497226,1.576377379,0.99818295,0.683919107,0.443092775,0.955205634,2.323087912,0.823250471
67,1.225355805,0.874239336,-0.084166224,1.688527874,1.69876161,1.38660854,1.556416661,1.35796185,1.178179479,1.7310886,1.906096434,1.176787984,0.664267376,0.189523406,0.265915406,0.398158028,0.522141826,0.343988293,0.364415719,0.348506473,0.489180354,0.364337534,0.297102267,0.270425115,0.358759294,0.63728529,0.232958518,0.245953921,0.498244534,0.542820561,0.68978649,0.584287422,0.332217617,0.339360378,0.570203058,0.541133011,0.355547135,0.636027684,0.521213086,0.209106773,0.214152946,0.129922684,0.183484869,0.191069601,0.258037688,0.320230248,0.228292349,0.414199433,0.652939202,1.964584485,-0.07922929,-0.074220349,0.359351339,0.778607294,1.682804883,-0.059257286,0.023633071,-0.13606155,0.066404701,-0.174441576,0.070413441,-0.079513282,0.466634429,0.255659625,0.515882482,0.695642533,2.221183902,1.436845469,0.868567009,0.55524393,0.200350355,0.818626212,2.181754339,0.676597576
68,-0.174816454,-0.384875919,-0.972060571,0.294719111,0.30323698,-0.007801448,0.157030941,-0.031177834,-0.222442022,0.332135416,0.51071161,-0.222146042,-0.64692244,-1.105208834,-1.015347811,-0.890940748,-0.7541501,-0.929288427,-0.937629615,-0.896984452,-0.822982632,-0.930937793,-0.956877896,-0.987613565,-0.9093625,-0.629964382,-1.025108829,-1.003952476,-0.767959686,-0.728019058,-0.597148675,-0.739841935,-0.96959269,-0.917702337,-0.720520318,-0.717173696,-0.935153222,-0.66538959,-0.724402973,-1.112256172,-1.09481002,-1.125758702,-1.081105966,-1.114308574,-0.995922216,-0.945524482,-1.070796672,-0.890734052,-0.653569889,0.557587976,-0.638977909,-0.603941676,-0.920350981,-0.492048688,0.401088533,-0.905727474,-0.919674408,-0.927533068,-0.912764879,-0.960033679,-0.911878934,-0.959000249,-0.57940865,-0.946593274,-0.66103647,-0.719658247,-0.618495395,0.82092383,-0.42442047,-0.614747206,-0.688387312,-0.514290222,0.808196757,-0.666530927
69,0.381855906,0.327928747,-0.41546389,0.838217261,0.850939088,0.53706101,0.704746436,0.513433309,0.329419059,0.884459901,1.056051412,0.328405923,-0.091051464,-0.540299863,-0.462804526,-0.329033612,-0.198801925,-0.36955491,-0.376767013,-0.334408865,-0.269400885,-0.378301198,-0.40991795,-0.442969796,-0.359575148,-0.074279332,-0.472833281,-0.447826682,-0.21682288,-0.180246018,-0.050395537,-0.180205011,-0.412462556,-0.368027786,-0.163145771,-0.166286445,-0.376703801,-0.111905501,-0.167360705,-0.566802504,-0.541045108,-0.57823325,-0.531996976,-0.56155834,-0.439849816,-0.38909679,-0.513165837,-0.333934642,-0.103233302,1.108616983,-0.095701629,-0.061103348,-0.35882448,0.064332537,0.955061589,-0.349930046,-0.363187975,-0.367372348,-0.358474779,-0.40103744,-0.351526855,-0.402849566,-0.026580212,-0.387911908,-0.104055487,-0.166726987,-0.06025151,0.692889466,1.379578799,-0.059585137,-0.006222099,0.116143972,1.367187544,-0.166169591
70,0.692577825,0.341213601,-0.495068728,1.162897888,1.303520266,0.865971171,1.027104394,0.964335453,0.64349265,1.19693588,1.369356148,0.64099246,0.132540061,-0.348486339,-0.267612371,-0.141197281,-0.011490697,-0.189214015,-0.178711725,-0.191551696,-0.049129661,-0.173036725,-0.246331361,-0.269743964,-0.176306134,0.098717059,-0.306834328,-0.298558944,-0.036964242,0.00811154,0.157681263,0.037233493,-0.208985083,-0.202285483,0.025777572,0.001283152,-0.187694594,0.091959876,-0.020166852,-0.318961149,-0.318669388,-0.406135765,-0.346554874,-0.335983023,-0.277534654,-0.223564431,-0.309388429,-0.122311739,0.128717295,1.672961159,-0.248697799,-0.223599619,-0.17704496,0.240871446,1.139523159,-0.492710291,-0.330166187,-0.540569728,-0.344665207,-0.564622369,-0.324314711,-0.396004872,0.007548381,-0.186577719,-0.030452527,-0.349531059,-0.323237353,0.890644495,0.32484884,1.690809361,-0.042497523,0.289365875,1.665182538,0.166004416
71,1.044643147,1.001195417,-0.229970589,1.507740237,1.523627821,1.208824791,1.372788177,1.192511835,0.992503886,1.546228178,1.719391594,0.993068024,0.483244535,0.021897194,0.087651532,0.21743684,0.341283497,0.158879697,0.174669688,0.164615266,0.30133861,0.177882534,0.115483378,0.095031177,0.188427723,0.44264012,0.053538192,0.053582511,0.318219265,0.365052471,0.514558889,0.392278421,0.139551536,0.156590668,0.37735508,0.36159184,0.162893463,0.441929118,0.331290671,0.022460505,0.028044472,-0.051592075,-0.002347966,0.00551571,0.065030878,0.119275952,0.029255662,0.219015516,0.463128746,1.769582026,-0.258421057,-0.267734326,0.173547409,0.591923817,1.491067339,-0.231084637,-0.157388592,-0.321687366,-0.119778732,-0.359293623,-0.115221938,-0.258584388,0.263451047,0.038639092,0.153795808,-0.293252554,-0.159360166,1.282893758,0.848929191,0.379189431,2.041328642,1.464288085,2.001365306,0.596388472
72,0.426430883,0.578001913,-0.36420139,0.892635449,0.903354557,0.589967119,0.754477439,0.568654248,0.379960296,0.933944282,1.105143422,0.381957028,-0.044313288,-0.49235098,-0.413732414,-0.283976653,-0.151994732,-0.327085043,-0.333854135,-0.2910264,-0.220072911,-0.331605219,-0.358227886,-0.385548612,-0.308332056,-0.030521067,-0.42391399,-0.402682918,-0.168531229,-0.129704839,0.002048149,-0.132951513,-0.368732004,-0.318690056,-0.117824555,-0.116342267,-0.329725023,-0.064581381,-0.121778323,-0.513060445,-0.4908972,-0.526098314,-0.481751505,-0.511382345,-0.392543528,-0.344045143,-0.467397391,-0.289298426,-0.053906752,1.158848062,-0.040064898,-0.012709815,-0.318197159,0.108510235,1.001013798,-0.303334629,-0.316448455,-0.32606236,-0.310378243,-0.358311526,-0.311720923,-0.354437007,0.018764701,-0.343887822,-0.058531292,-0.123538893,-0.016417356,0.690870746,0.203995003,-0.009999116,0.663732984,1.423504314,1.410866769,-0.08471164
73,3.451226743,3.104082876,2.152512151,3.903914951,3.917629921,3.606879475,3.777878126,3.580842264,3.392029497,3.948007428,4.122541739,3.39398089,2.888308096,2.413946402,2.496277037,2.615957484,2.747432254,2.572257085,2.586472329,2.570718532,2.712033601,2.587358926,2.519777244,2.490904702,2.586127438,2.853319033,2.450999439,2.464420515,2.729465625,2.76532673,2.91040253,2.790240183,2.548383623,2.557718654,2.782494377,2.762518285,2.568401863,2.85191586,2.738017199,2.429038927,2.429673273,2.350343683,2.405219922,2.405485982,2.474093977,2.527899677,2.434829578,2.619984603,2.870885697,4.167708635,2.151655655,2.144598475,2.579122501,2.99992162,3.9014763,2.169138253,2.249206008,2.099614367,2.285706115,2.052638252,2.294322268,2.144878874,2.662228805,2.450301075,2.573520211,2.128224389,2.263111396,3.640512458,3.086887318,2.786708914,2.456135471,3.040029113,4.43782337,2.915283837
74,0.568749269,0.429452989,0.232726426,1.148148714,1.097363895,0.810984487,0.96279433,0.828306599,0.592457146,1.111871532,1.345678703,0.570210346,0.311602273,0.096693169,0.297478428,0.1794971,0.484674895,0.128953791,0.306814304,0.222800185,0.229023902,0.013166537,0.345416052,0.085751348,0.081018714,0.276936615,0.112179695,0.018944124,0.150271835,0.542145982,0.592068725,0.202701129,0.156163213,0.345661016,0.29373901,0.48664643,0.09052011,0.50048163,0.320789034,0.190458051,0.082524479,0.158217734,0.059579955,0.069831323,0.102259684,0.133328006,0.074973681,0.184456559,0.52406176,1.332102752,0.514661314,0.600005912,0.180797993,0.403490082,1.219152522,0.240672587,0.0915666,0.224014085,0.11454344,0.212142733,0.101467998,0.103238626,0.41857005,0.09704514,0.188149799,0.544254006,0.230977928,0.902414983,0.328465621,0.304781735,0.296631348,0.638088051,1.556486025,1.565035619
,3.451226743,3.104082876,2.333109386,3.903914951,3.917629921,3.606879475,3.777878126,3.580842264,3.392029497,3.948007428,4.122541739,3.39398089,2.888308096,2.413946402,2.496277037,2.615957484,2.747432254,2.572257085,2.586472329,2.570718532,2.712033601,2.587358926,2.519777244,2.490904702,2.586127438,2.853319033,2.450999439,2.464420515,2.729465625,2.76532673,2.91040253,2.790240183,2.548383623,2.557718654,2.782494377,2.762518285,2.568401863,2.85191586,2.738017199,2.429038927,2.429673273,2.350343683,2.405219922,2.405485982,2.474093977,2.527899677,2.434829578,2.619984603,2.870885697,4.167708635,2.335274538,2.340452775,2.579122501,2.99992162,3.9014763,2.31321077,2.249206008,2.384455982,2.285706115,2.425147819,2.294322268,2.335059649,2.662228805,2.450301075,2.573520211,2.355663075,2.263111396,3.640512458,3.086887318,2.786708914,2.456135471,3.040029113,4.43782337,2.915283837
Parent Node,4.43782337,,,,,,,,,,,,,,,,,,,,,,,,,,,,,,,,,,,,,,,,,,,,,,,,,,,,,,,,,,,,,,,,,,,,,,,,,
